-- phpMyAdmin SQL Dump
-- version 4.9.0.1
-- https://www.phpmyadmin.net/
--
-- Host: 127.0.0.1
-- Tempo de geração: 02-Out-2019 às 02:54
-- Versão do servidor: 10.3.16-MariaDB
-- versão do PHP: 7.3.6

SET SQL_MODE = "NO_AUTO_VALUE_ON_ZERO";
SET AUTOCOMMIT = 0;
START TRANSACTION;
SET time_zone = "+00:00";


/*!40101 SET @OLD_CHARACTER_SET_CLIENT=@@CHARACTER_SET_CLIENT */;
/*!40101 SET @OLD_CHARACTER_SET_RESULTS=@@CHARACTER_SET_RESULTS */;
/*!40101 SET @OLD_COLLATION_CONNECTION=@@COLLATION_CONNECTION */;
/*!40101 SET NAMES utf8mb4 */;

--
-- Banco de dados: `extras`
--

-- --------------------------------------------------------

--
-- Estrutura da tabela `colaboradores`
--

CREATE TABLE `colaboradores` (
  `id_colaborador` int(11) NOT NULL,
  `chapa` varchar(10) NOT NULL,
  `nome_colaborador` varchar(150) NOT NULL,
  `cargo` varchar(50) NOT NULL,
  `descricao_secao` varchar(50) NOT NULL
) ENGINE=InnoDB DEFAULT CHARSET=latin1;

--
-- Extraindo dados da tabela `colaboradores`
--

INSERT INTO `colaboradores` (`id_colaborador`, `chapa`, `nome_colaborador`, `cargo`, `descricao_secao`) VALUES
(1, '0022782', 'CARLOS EDUARDO DE ALMEIDA', 'ANALISTA DE ÁREA DO CONHECIMENTO SÊNIOR', 'ANALISTAS DE ÁREA DO CONHECIMENTO'),
(2, '0022784', 'DANUBIA DINIZ NANTES', 'ANALISTA DE ÁREA DO CONHECIMENTO SÊNIOR', 'ANALISTAS DE ÁREA DO CONHECIMENTO'),
(3, '0022854', 'FLAVIO COSTA BERUTTI', 'ANALISTA DE ÁREA DO CONHECIMENTO SÊNIOR', 'ANALISTAS DE ÁREA DO CONHECIMENTO'),
(4, '0022894', 'IVAN CANUTO PONTELO CANCADO', 'ANALISTA DE ÁREA DO CONHECIMENTO SÊNIOR', 'GESTÃO PEDAGÓGICA'),
(5, '0022761', 'JACQUELINE ALVES DE SOUZA CARVALHO', 'ANALISTA DE ÁREA DO CONHECIMENTO SÊNIOR', 'ANALISTAS DE ÁREA DO CONHECIMENTO'),
(6, '0022825', 'JEAN SANTOS OTONI', 'ANALISTA DE ÁREA DO CONHECIMENTO SÊNIOR', 'ANALISTAS DE ÁREA DO CONHECIMENTO'),
(7, '0022938', 'JOSE ANSELMO DA SILVA JUNIOR', 'ANALISTA DE ÁREA DO CONHECIMENTO SÊNIOR', 'GESTÃO PEDAGÓGICA'),
(8, '0022892', 'MARCUS GUILHERME PINTO DE FARIA VALADARES', 'ANALISTA DE ÁREA DO CONHECIMENTO SÊNIOR', 'GESTÃO PEDAGÓGICA'),
(9, '0022939', 'MARIA DO CARMO FERNANDES NUNES ROLLA', 'ANALISTA DE ÁREA DO CONHECIMENTO SÊNIOR', 'GESTÃO PEDAGÓGICA'),
(10, '0022786', 'MATHEUS DE CASTRO LEAL', 'ANALISTA DE ÁREA DO CONHECIMENTO SÊNIOR', 'ANALISTAS DE ÁREA DO CONHECIMENTO'),
(11, '0022792', 'RAQUEL MALTA PINTO', 'ANALISTA DE ÁREA DO CONHECIMENTO SÊNIOR', 'ANALISTAS DE ÁREA DO CONHECIMENTO'),
(17, '0020143', 'ADRIANA MIRIAM FERREIRA CAVALCANTE GONCALVES', 'PROFESSOR', 'ENSINO FUNDAMENTAL I (1º ANO)'),
(18, '0022847', 'ADRIANA SISSI COSTA GONCALVES', 'PROFESSOR', 'EDUCAÇÃO INFANTIL - 1º PERÍODO'),
(19, '0022908', 'ALEXANDRA DE FATIMA GONCALVES', 'PROFESSOR', 'ENSINO FUNDAMENTAL I (2º ANO)'),
(20, '0022926', 'ALEXANIA RIBEIRO DE MORAIS', 'PROFESSOR', 'EDUCAÇÃO INFANTIL - 1º PERÍODO'),
(21, '0022849', 'ALINE CRISTINA CALDEIRA BRANT DE FREITAS', 'PROFESSOR', 'ENSINO FUNDAMENTAL I (1º ANO)'),
(22, '0020150', 'ANDERSON CALDEIRA VILANOVA', 'PROFESSOR', 'ENSINO FUNDAMENTAL II - (6º ANO)'),
(23, '0022577', 'ANDREIA CONSOLACAO DE CARVALHO', 'PROFESSOR', 'ENSINO FUNDAMENTAL I (1º ANO)'),
(24, '0022695', 'ANGELA NUNES LOPES', 'PROFESSOR', 'ENSINO FUNDAMENTAL II - (6º ANO)'),
(25, '0022301', 'ANSELMO LUIZ PEREIRA CAMPOS', 'PROFESSOR', 'ENSINO MÉDIO - (1ª SÉRIE)'),
(26, '0022725', 'ARAMINTA DE ABREU RESENDE ALVES', 'PROFESSOR', 'ENSINO FUNDAMENTAL I (1º ANO)'),
(27, '0022688', 'CAMILA JULIA ALVES CARVALHO MONTE ALTO', 'PROFESSOR', 'EDUCAÇÃO INFANTIL - 1º PERÍODO'),
(28, '0022689', 'CARLOS EDUARDO DE ALMEIDA', 'PROFESSOR', 'ENSINO FUNDAMENTAL II - (6º ANO)'),
(29, '0022885', 'CAROLINA BARBOSA PASSIG MARTINS', 'PROFESSOR', 'EDUCAÇÃO INFANTIL - 1º PERÍODO'),
(30, '0020350', 'CATE REGINA PRA', 'PROFESSOR', 'ENSINO FUNDAMENTAL II - (6º ANO)'),
(31, '0022674', 'CINARA RIBEIRO MOTA', 'PROFESSOR', 'EDUCAÇÃO INFANTIL - 1º PERÍODO'),
(32, '0022916', 'CINTIA GONCALVES FONSECA COSTA', 'PROFESSOR', 'ENSINO MÉDIO - (1ª SÉRIE)'),
(33, '0022884', 'CLAUDIA MARCIA NEVES PEREIRA DE PAULA', 'PROFESSOR', 'ENSINO FUNDAMENTAL I (5º ANO)'),
(34, '0022202', 'CLAUDIA REGINA SILVA', 'PROFESSOR', 'ENSINO FUNDAMENTAL I (1º ANO)'),
(35, '0022286', 'CLAUDIMAR LOPES DE SOUZA', 'PROFESSOR', 'ENSINO FUNDAMENTAL II - (6º ANO)'),
(36, '0022943', 'DANIEL VALADARES MACEDO', 'PROFESSOR', 'ENSINO FUNDAMENTAL II - (6º ANO)'),
(37, '0022475', 'DANUBIA DINIZ NANTES', 'PROFESSOR', 'ENSINO FUNDAMENTAL II - (6º ANO)'),
(38, '0022905', 'DEBORA NAVES SANTOS', 'PROFESSOR', 'ENSINO MÉDIO - (2ª SÉRIE)'),
(39, '0022775', 'DECIUS MOREIRA CALDEIRA', 'PROFESSOR', 'ENSINO MÉDIO - (1ª SÉRIE)'),
(40, '0022839', 'DENIS PEREIRA DE ANDRADE', 'PROFESSOR', 'ENSINO MÉDIO - (1ª SÉRIE)'),
(41, '0022239', 'EDUARDO BREGUNCI NOGUEIRA', 'PROFESSOR', 'EDUCAÇÃO FÍSICA'),
(42, '0022694', 'ELEN DE CASSIA ASSIS RABELO RIBEIRO', 'PROFESSOR', 'ENSINO FUNDAMENTAL I (1º ANO)'),
(43, '0022279', 'ELETEIA MIRANDA DE SOUZA SILVA', 'PROFESSOR', 'ENSINO FUNDAMENTAL II - (6º ANO)'),
(44, '0022400', 'FABIANA HILARIO DE QUEIROZ', 'PROFESSOR', 'EDUCAÇÃO INFANTIL - 1º PERÍODO'),
(45, '0022845', 'FLAVIA CRISTINA DE OLIVEIRA FRANCO', 'PROFESSOR', 'EDUCAÇÃO INFANTIL - 1º PERÍODO'),
(46, '0022841', 'FLAVIANE LUZ FERNANDES', 'PROFESSOR', 'ENSINO FUNDAMENTAL II - (6º ANO)'),
(47, '0022830', 'FLAVIO COSTA BERUTTI', 'PROFESSOR', 'ENSINO FUNDAMENTAL II - (6º ANO)'),
(48, '0022883', 'GIOVANA DE ABREU AVILA ROMUALDO', 'PROFESSOR', 'ENSINO FUNDAMENTAL II - (6º ANO)'),
(49, '0022874', 'ILAN ALVES MIRANDA', 'PROFESSOR', 'ENSINO FUNDAMENTAL II - (8º ANO)'),
(50, '0020105', 'INEZ GRIGOLO SILVA', 'PROFESSOR', 'ENSINO FUNDAMENTAL II - (6º ANO)'),
(51, '0022919', 'ISABELLE JUNIA RODRIGUES DA SILVA', 'PROFESSOR', 'ENSINO MÉDIO - (1ª SÉRIE)'),
(52, '0022846', 'IVAN CANUTO PONTELO CANCADO', 'PROFESSOR', 'ENSINO MÉDIO - (1ª SÉRIE)'),
(53, '0022460', 'JACQUELINE ALVES DE SOUZA CARVALHO', 'PROFESSOR', 'ENSINO FUNDAMENTAL II - (6º ANO)'),
(54, '0022686', 'JANAINA RAFAELA MAIA', 'PROFESSOR', 'ENSINO FUNDAMENTAL I (1º ANO)'),
(55, '0022752', 'JANE EYRE DA SILVA ANDRADE SANTOS', 'PROFESSOR', 'ENSINO FUNDAMENTAL I (1º ANO)'),
(56, '0022734', 'JEAN SANTOS OTONI', 'PROFESSOR', 'ENSINO FUNDAMENTAL II - (6º ANO)'),
(57, '0022904', 'JOSE ANSELMO DA SILVA JUNIOR', 'PROFESSOR', 'ENSINO MÉDIO - (1ª SÉRIE)'),
(58, '0022588', 'JULIANA ALVARES DE ALMEIDA', 'PROFESSOR', 'ENSINO FUNDAMENTAL I (1º ANO)'),
(59, '0022898', 'JULIANE DE LARA ALVIM GOMES', 'PROFESSOR', 'EDUCAÇÃO INFANTIL - 1º PERÍODO'),
(60, '0022777', 'KARINA CARMO ROCHA', 'PROFESSOR', 'ENSINO FUNDAMENTAL I (1º ANO)'),
(61, '0020402', 'KATIA ADRIANA GONCALVES', 'PROFESSOR', 'ENSINO FUNDAMENTAL I (1º ANO)'),
(62, '0022583', 'KELE DA SILVA REZENDE BATISTA', 'PROFESSOR', 'ENSINO FUNDAMENTAL I (1º ANO)'),
(63, '0022705', 'KELEN FAUSTA DAS NEVES FROES', 'PROFESSOR', 'ENSINO MÉDIO - (1ª SÉRIE)'),
(64, '0022842', 'KELY CRISTINA MADUREIRA DA SILVA TEIXEIRA', 'PROFESSOR', 'ENSINO FUNDAMENTAL I (1º ANO)'),
(65, '0022838', 'KRISNA CRISTINA DA COSTA', 'PROFESSOR', 'ENSINO FUNDAMENTAL I (1º ANO)'),
(66, '0022735', 'LARYSSA CRISTINA CASTRO GOMES', 'PROFESSOR', 'ENSINO FUNDAMENTAL I (1º ANO)'),
(67, '0022598', 'LEONARDO NUNES DE LIMA CAMPOS', 'PROFESSOR', 'ENSINO FUNDAMENTAL I (1º ANO)'),
(68, '0022920', 'LUCAS SOARES RODRIGUES', 'PROFESSOR', 'ENSINO MÉDIO - (1ª SÉRIE)'),
(69, '0022757', 'LUCIANA MELGACO RACILAN VIEIRA', 'PROFESSOR', 'ENSINO FUNDAMENTAL I (1º ANO)'),
(70, '0022927', 'MAIRA DE FARIA COELHO', 'PROFESSOR', 'EDUCAÇÃO INFANTIL - 1º PERÍODO'),
(71, '0020113', 'MARCIO LUIZ DA ROCHA', 'PROFESSOR', 'ENSINO FUNDAMENTAL II - (6º ANO)'),
(72, '0022918', 'MARCUS AUGUSTO HUSBERT JUNIOR', 'PROFESSOR', 'ENSINO MÉDIO - (1ª SÉRIE)'),
(73, '0022834', 'MARCUS GUILHERME PINTO DE FARIA VALADARES', 'PROFESSOR', 'ENSINO FUNDAMENTAL I (1º ANO)'),
(74, '0022923', 'MARIA DO CARMO FERNANDES NUNES ROLLA', 'PROFESSOR', 'ENSINO MÉDIO - (1ª SÉRIE)'),
(75, '0022934', 'MARIA EPONINA DE ABREU E TORRES', 'PROFESSOR', 'ENSINO MÉDIO - (1ª SÉRIE)'),
(76, '0022816', 'MARIANA BOTARRO BAMBIRRA', 'PROFESSOR', 'ENSINO FUNDAMENTAL II - (6º ANO)'),
(77, '0022691', 'MATHEUS DE CASTRO LEAL', 'PROFESSOR', 'ENSINO FUNDAMENTAL II - (6º ANO)'),
(78, '0022690', 'MERCIA MARIA DA COSTA', 'PROFESSOR', 'ENSINO FUNDAMENTAL I (1º ANO)'),
(79, '0022778', 'MERCIA MARIA DE OLIVEIRA GONCALVES', 'PROFESSOR', 'EDUCAÇÃO INFANTIL - 1º PERÍODO'),
(80, '0022899', 'MIRELLA APARECIDA BEJA DA SILVA BRITO', 'PROFESSOR', 'EDUCAÇÃO INFANTIL - 1º PERÍODO'),
(81, '0022249', 'MOACIR ALVES MOREIRA', 'PROFESSOR', 'ENSINO FUNDAMENTAL II - (6º ANO)'),
(82, '0022848', 'PATRICIA COSTA RIBEIRO', 'PROFESSOR', 'ENSINO FUNDAMENTAL I (1º ANO)'),
(83, '0022915', 'PATRICIA KELLY LISBOA MEIRELES TOBIAS', 'PROFESSOR', 'ENSINO FUNDAMENTAL I (1º ANO)'),
(84, '0022639', 'PATRICIA MACEDO MOSTAFA DE MORAES', 'PROFESSOR', 'ENSINO FUNDAMENTAL I (1º ANO)'),
(85, '0022812', 'PATRICK DE OLIVEIRA BONNEREAU', 'PROFESSOR', 'ENSINO MÉDIO - (1ª SÉRIE)'),
(86, '0022575', 'PAULA CANDIDA DE OLIVEIRA', 'PROFESSOR', 'ENSINO FUNDAMENTAL I (1º ANO)'),
(87, '0022879', 'PENELOPE OLIVEIRA GONCALVES RODRIGUES', 'PROFESSOR', 'ENSINO FUNDAMENTAL I (2º ANO)'),
(88, '0022480', 'PETRONIO ALVES FERREIRA', 'PROFESSOR', 'ENSINO MÉDIO - (1ª SÉRIE)'),
(89, '0022886', 'POLLIANE DE JESUS DORNELES OLIVEIRA', 'PROFESSOR', 'ENSINO FUNDAMENTAL I (1º ANO)'),
(90, '0022736', 'RAFAEL CARVALHO ROCHA SILVA', 'PROFESSOR', 'ENSINO FUNDAMENTAL I (1º ANO)'),
(91, '0022623', 'RANEZ DE LIZANDRA BRITES', 'PROFESSOR', 'ENSINO FUNDAMENTAL I (1º ANO)'),
(92, '0022390', 'RAQUEL MALTA PINTO', 'PROFESSOR', 'ENSINO MÉDIO - (1ª SÉRIE)'),
(93, '0022237', 'RENATO FRADE', 'PROFESSOR', 'ENSINO MÉDIO - (1ª SÉRIE)'),
(94, '0022425', 'ROBERTA ANGELINA VICENTI', 'PROFESSOR', 'EDUCAÇÃO INFANTIL - 1º PERÍODO'),
(95, '0022771', 'ROBERTA DE OLIVEIRA FERREIRA', 'PROFESSOR', 'ENSINO FUNDAMENTAL I (1º ANO)'),
(96, '0022618', 'ROBINSON VINICIUS DE OLIVEIRA ALVES', 'PROFESSOR', 'ENSINO MÉDIO - (1ª SÉRIE)'),
(97, '0022888', 'RODRIGO MORENO RIBEIRO SILVA', 'PROFESSOR', 'ENSINO FUNDAMENTAL I (1º ANO)'),
(98, '0022881', 'ROSA MARIA RIBEIRO', 'PROFESSOR', 'EDUCAÇÃO INFANTIL - 1º PERÍODO'),
(99, '0022781', 'SOLANGE GUEDES DE OLIVEIRA CARNEIRO', 'PROFESSOR', 'ENSINO FUNDAMENTAL I (1º ANO)'),
(100, '0022434', 'TALITA CRISTINA GONCALVES DE OLIVEIRA', 'PROFESSOR', 'ENSINO FUNDAMENTAL II - (6º ANO)'),
(101, '0022740', 'THAIS AZEVEDO BUENO ESPESCHIT', 'PROFESSOR', 'ENSINO FUNDAMENTAL I (1º ANO)'),
(102, '0022880', 'THIENE CRISTINA LIMA HABISTZREUTER', 'PROFESSOR', 'ENSINO FUNDAMENTAL II - (6º ANO)'),
(103, '0022634', 'VINICIUS GOMES CAMBRAIA', 'PROFESSOR', 'ENSINO FUNDAMENTAL I (1º ANO)'),
(104, '0022882', 'WALERIA SANTOS TAYLOR', 'PROFESSOR', 'ENSINO MÉDIO - (1ª SÉRIE)'),
(105, '0022635', 'WANIA MARIA PARREIRAS GONCALVES', 'PROFESSOR', 'ENSINO FUNDAMENTAL I (1º ANO)'),
(107, '0022831', 'ZILDO ANDRE VIEIRA FLORES', 'PROFESSOR', 'ENSINO FUNDAMENTAL II - (6º ANO)'),
(108, '0022715', 'ZINIA LETICIA PEIXOTO COSTA', 'PROFESSOR', 'ENSINO FUNDAMENTAL I (1º ANO)');

-- --------------------------------------------------------

--
-- Estrutura da tabela `motivos`
--

CREATE TABLE `motivos` (
  `id_motivo` int(11) NOT NULL,
  `nome_motivo` varchar(30) NOT NULL,
  `segmento` varchar(5) NOT NULL
) ENGINE=InnoDB DEFAULT CHARSET=latin1;

--
-- Extraindo dados da tabela `motivos`
--

INSERT INTO `motivos` (`id_motivo`, `nome_motivo`, `segmento`) VALUES
(1, 'APLICAÇÃO DE PROVA EF I ', 'EF I'),
(2, 'APLICAÇÃO DE PROVA EF II ', 'EF II'),
(3, 'APLICAÇÃO DE PROVA EM', 'EM'),
(4, 'ATIVIDADE EXTRA EF I', 'EF I'),
(5, 'ATIVIDADE EXTRA EF II', 'EF II'),
(6, 'ATIVIDADE EXTRA EM', 'EM'),
(7, 'ATIVIDADES EXTRA', 'F'),
(8, 'AULA EXTRA EF I', 'EF I'),
(9, 'AULA EXTRA EF II', 'EF II'),
(10, 'AULA EXTRA EM', 'EM'),
(11, 'SUBSTITUIÇÃO INF/EF I', 'EF I'),
(12, 'SUBSTITUIÇÃO EF II', 'EF II'),
(13, 'SUBSTITUIÇÃO EM', 'EM'),
(14, 'REUNIÕES INF/EF I', 'EF I'),
(15, 'REUNIÕES EF II', 'EF II'),
(16, 'REUNIÕES EM', 'EM'),
(17, 'FALTAS', 'F');

-- --------------------------------------------------------

--
-- Estrutura da tabela `perfis`
--

CREATE TABLE `perfis` (
  `id_perfil` int(11) NOT NULL,
  `nome_perfil` varchar(45) DEFAULT NULL
) ENGINE=InnoDB DEFAULT CHARSET=utf8;

--
-- Extraindo dados da tabela `perfis`
--

INSERT INTO `perfis` (`id_perfil`, `nome_perfil`) VALUES
(1, 'ADMINISTRADOR'),
(2, 'ASSISTENTE - FUNDAMENTAL'),
(3, 'ASSISTENTE - MÉDIO'),
(4, 'RH'),
(5, 'GESTÃO PEDAGÓGICA');

-- --------------------------------------------------------

--
-- Estrutura da tabela `servicos`
--

CREATE TABLE `servicos` (
  `id_servico` int(11) NOT NULL,
  `id_motivo` int(11) NOT NULL,
  `data` varchar(12) NOT NULL,
  `horas_inicio` varchar(6) NOT NULL,
  `horas_fim` varchar(6) NOT NULL
) ENGINE=InnoDB DEFAULT CHARSET=latin1;

--
-- Extraindo dados da tabela `servicos`
--

INSERT INTO `servicos` (`id_servico`, `id_motivo`, `data`, `horas_inicio`, `horas_fim`) VALUES
(1, 1, '2019-10-01', '18:00', '20:00'),
(2, 3, '2019-10-01', '19:00', '20:00');

-- --------------------------------------------------------

--
-- Estrutura da tabela `usuarios`
--

CREATE TABLE `usuarios` (
  `id_usuario` int(11) NOT NULL,
  `nome` varchar(100) NOT NULL,
  `usuario` varchar(100) NOT NULL,
  `senha` varchar(100) NOT NULL,
  `email` varchar(150) DEFAULT NULL,
  `id_perfil` int(11) NOT NULL
) ENGINE=InnoDB DEFAULT CHARSET=utf8;

--
-- Extraindo dados da tabela `usuarios`
--

INSERT INTO `usuarios` (`id_usuario`, `nome`, `usuario`, `senha`, `email`, `id_perfil`) VALUES
(1, 'Lucas de Sousa Assunção', 'lucas.assuncao', '10309785650', NULL, 1),
(2, 'Usuário teste', 'teste', '698dc19d489c4e4db73e28a713eab07b', NULL, 4),
(3, 'ASSISTENTE MÉDIO', 'medio', '71954c968ae9c3a50488ef0c9eae6f52', NULL, 3),
(4, 'ASSISTENTE FUNDAMENTAL', 'fundamental', 'e01ac89f09c553a7b7bf0d7dec58a21c', NULL, 2),
(5, 'USUÁRIO DETEC', 'detec', '3e6ccfb77e5b68db59884ccc38a46752', NULL, 1),
(6, 'TESTE', 'teste2', '698dc19d489c4e4db73e28a713eab07b', NULL, 1),
(7, 'BRUNO JULIO MOREIRA DUARTE', 'bruno.duarte', '35607bc4097b930211761990928a68d7', NULL, 1),
(8, 'TESTE', 'testecantina', '698dc19d489c4e4db73e28a713eab07b', NULL, 4),
(9, 'teste', 'teste3', '7348cba539160cf399993a4b23832856', NULL, 5);

--
-- Índices para tabelas despejadas
--

--
-- Índices para tabela `colaboradores`
--
ALTER TABLE `colaboradores`
  ADD PRIMARY KEY (`id_colaborador`);

--
-- Índices para tabela `motivos`
--
ALTER TABLE `motivos`
  ADD PRIMARY KEY (`id_motivo`);

--
-- Índices para tabela `perfis`
--
ALTER TABLE `perfis`
  ADD PRIMARY KEY (`id_perfil`);

--
-- Índices para tabela `servicos`
--
ALTER TABLE `servicos`
  ADD PRIMARY KEY (`id_servico`);

--
-- Índices para tabela `usuarios`
--
ALTER TABLE `usuarios`
  ADD PRIMARY KEY (`id_usuario`);

--
-- AUTO_INCREMENT de tabelas despejadas
--

--
-- AUTO_INCREMENT de tabela `colaboradores`
--
ALTER TABLE `colaboradores`
  MODIFY `id_colaborador` int(11) NOT NULL AUTO_INCREMENT, AUTO_INCREMENT=109;

--
-- AUTO_INCREMENT de tabela `motivos`
--
ALTER TABLE `motivos`
  MODIFY `id_motivo` int(11) NOT NULL AUTO_INCREMENT, AUTO_INCREMENT=18;

--
-- AUTO_INCREMENT de tabela `perfis`
--
ALTER TABLE `perfis`
  MODIFY `id_perfil` int(11) NOT NULL AUTO_INCREMENT, AUTO_INCREMENT=6;

--
-- AUTO_INCREMENT de tabela `servicos`
--
ALTER TABLE `servicos`
  MODIFY `id_servico` int(11) NOT NULL AUTO_INCREMENT, AUTO_INCREMENT=3;

--
-- AUTO_INCREMENT de tabela `usuarios`
--
ALTER TABLE `usuarios`
  MODIFY `id_usuario` int(11) NOT NULL AUTO_INCREMENT, AUTO_INCREMENT=10;
COMMIT;

/*!40101 SET CHARACTER_SET_CLIENT=@OLD_CHARACTER_SET_CLIENT */;
/*!40101 SET CHARACTER_SET_RESULTS=@OLD_CHARACTER_SET_RESULTS */;
/*!40101 SET COLLATION_CONNECTION=@OLD_COLLATION_CONNECTION */;
